n,fused,classic
500,0.5419492,2.8073866
750,1.6709158,10.4493102
1000,3.8044324,26.9883036
